id,first_name,last_name,email,department,salary
1,Rina,Jacques,rjacques0@sciencedaily.com,Research and Development,$19607.98
2,Clim,Duke,cduke1@cnn.com,Engineering,$16714.08
3,Edeline,Ivons,eivons2@umich.edu,Research and Development,$47765.64
4,Cathee,Fardo,cfardo3@economist.com,Marketing,$5924.52
5,Deina,Groveham,dgroveham4@theatlantic.com,Sales,$46396.79
6,Ilse,Menezes,imenezes5@timesonline.co.uk,Legal,$17526.66
7,Reina,Simmonds,rsimmonds6@umich.edu,Support,$6165.00
8,Tom,Philippart,tphilippart7@posterous.com,Engineering,$6784.93
9,Vance,Gruszczak,vgruszczak8@statcounter.com,Accounting,$19112.09
10,Jerrylee,Danilevich,jdanilevich9@marketwatch.com,Services,$24751.57
11,Myriam,Hookes,mhookesa@goodreads.com,Support,$19063.74
12,Arnaldo,Switsur,aswitsurb@simplemachines.org,Accounting,$16857.47
13,Jessamyn,Rape,jrapec@foxnews.com,Research and Development,$34411.81
14,Noam,Dmitrichenko,ndmitrichenkod@si.edu,Business Development,$45465.04
15,Sigismond,Ivanin,sivanine@wsj.com,Human Resources,$44096.12
16,Stacee,Shannahan,sshannahanf@domainmarket.com,Services,$12495.43
17,Deanna,Craster,dcrasterg@mapquest.com,Human Resources,$40435.08
18,Ricard,Geering,rgeeringh@wunderground.com,Accounting,$35410.52
19,Sigmund,Russi,srussii@amazon.co.uk,Training,$42045.55
20,Pamelina,Antonio,pantonioj@vimeo.com,Training,$5998.82
21,Theda,Lettice,tletticek@amazonaws.com,Accounting,$18338.03
22,Jessalin,Myner,jmynerl@sakura.ne.jp,Support,$45388.33
23,Candace,Millam,cmillamm@slashdot.org,Research and Development,$27749.43
24,Renaldo,Manolov,rmanolovn@yahoo.com,Human Resources,$44225.43
25,Miranda,Crispe,mcrispeo@house.gov,Sales,$17564.58
26,Jasmin,Hubatsch,jhubatschp@google.es,Human Resources,$9762.93
27,Corena,Tullett,ctullettq@multiply.com,Research and Development,$23346.97
28,Paxton,Gillatt,pgillattr@desdev.cn,Legal,$9611.42
29,Yvon,Hyder,yhyders@fastcompany.com,Legal,$9508.12
30,Rutger,Lober,rlobert@seattletimes.com,Services,$21229.27
31,Mariette,Grinston,mgrinstonu@php.net,Human Resources,$13863.80
32,Nathalia,Ahrens,nahrensv@wp.com,Marketing,$9208.73
33,Suzi,Puddin,spuddinw@privacy.gov.au,Marketing,$12701.96
34,Ansel,Quincey,aquinceyx@nature.com,Engineering,$3941.54
35,Carter,Behn,cbehny@booking.com,Legal,$49888.11
36,Bryana,Libri,blibriz@netlog.com,Services,$48839.00
37,Adrian,Ardley,aardley10@nyu.edu,Sales,$23932.05
38,Angele,Spittal,aspittal11@time.com,Services,$21481.11
39,Yoko,Walsh,ywalsh12@sbwire.com,Legal,$46595.20
40,Palmer,Ary,pary13@posterous.com,Support,$21266.21
41,Esme,Gooda,egooda14@usgs.gov,Human Resources,$47368.69
42,Thorny,MacTrustey,tmactrustey15@virginia.edu,Engineering,$40414.59
43,Hans,Rowan,hrowan16@wufoo.com,Sales,$6127.33
44,Bryon,Bonnaire,bbonnaire17@telegraph.co.uk,Product Management,$36342.96
45,Wallas,Arpin,warpin18@chronoengine.com,Marketing,$47679.18
46,Doug,Conaghy,dconaghy19@alexa.com,Training,$23681.16
47,Myron,Ivanisov,mivanisov1a@about.com,Product Management,$26706.25
48,Idalina,Kolis,ikolis1b@ocn.ne.jp,Research and Development,$13413.61
49,Hyman,Bodleigh,hbodleigh1c@delicious.com,Product Management,$15431.88
50,Jeramie,Shutte,jshutte1d@yandex.ru,Legal,$43198.93
51,Terese,Bowe,tbowe1e@google.co.jp,Marketing,$10316.37
52,Carline,Lees,clees1f@github.com,Services,$45539.33
53,Woodie,Troak,wtroak1g@addthis.com,Marketing,$18348.64
54,Alfy,O'Cullen,aocullen1h@nba.com,Product Management,$23166.68
55,Bette-ann,Gianninotti,bgianninotti1i@scientificamerican.com,Services,$13900.48
56,Allx,Youll,ayoull1j@imgur.com,Sales,$8045.68
57,Bernetta,Mullane,bmullane1k@google.com.br,Research and Development,$44707.14
58,Brietta,Clew,bclew1l@shop-pro.jp,Accounting,$21547.81
59,Chester,Kier,ckier1m@wikimedia.org,Services,$13734.47
60,Beverlie,Kulis,bkulis1n@mlb.com,Accounting,$12736.52
61,Rycca,Marshallsay,rmarshallsay1o@latimes.com,Human Resources,$7396.79
62,Ryun,De la Yglesias,rdelayglesias1p@cloudflare.com,Engineering,$5414.68
63,Hercules,Leask,hleask1q@whitehouse.gov,Accounting,$20465.96
64,Eddy,Tuffell,etuffell1r@nps.gov,Legal,$10339.41
65,Spenser,Mougel,smougel1s@biglobe.ne.jp,Product Management,$39681.20
66,Vidovic,Torrecilla,vtorrecilla1t@yahoo.com,Support,$10382.93
67,Kitti,Danilin,kdanilin1u@time.com,Training,$26816.57
68,Darnell,Gocke,dgocke1v@narod.ru,Engineering,$42286.70
69,Nicoli,Elkins,nelkins1w@discuz.net,Sales,$46214.55
70,Philippa,Briant,pbriant1x@dyndns.org,Product Management,$6189.99
71,Frederico,Anetts,fanetts1y@shareasale.com,Research and Development,$17277.52
72,Cherry,Cicerone,ccicerone1z@elegantthemes.com,Product Management,$37829.97
73,Ynes,Bartaletti,ybartaletti20@sakura.ne.jp,Sales,$42116.62
74,Roderick,Aindriu,raindriu21@php.net,Legal,$42081.90
75,Lulu,Moses,lmoses22@google.com.hk,Training,$23886.70
76,Shellysheldon,Wilne,swilne23@xinhuanet.com,Support,$9719.50
77,Ronnie,Wavish,rwavish24@quantcast.com,Product Management,$15515.06
78,Fabio,Martinson,fmartinson25@acquirethisname.com,Engineering,$11162.55
79,Kin,Lumb,klumb26@taobao.com,Product Management,$18764.21
80,Rosalinda,Lorence,rlorence27@buzzfeed.com,Legal,$34893.95
81,Giana,Wollard,gwollard28@dedecms.com,Support,$3282.86
82,Thia,Lavis,tlavis29@about.me,Human Resources,$26936.46
83,Eirena,Walkden,ewalkden2a@scientificamerican.com,Support,$26927.58
84,Garrek,Izzett,gizzett2b@theglobeandmail.com,Legal,$5643.94
85,Tomlin,Cleverley,tcleverley2c@ycombinator.com,Product Management,$1984.12
86,Larina,Joreau,ljoreau2d@ehow.com,Services,$32953.16
87,Archibald,Dent,adent2e@mtv.com,Marketing,$42391.82
88,Job,Bickerstaff,jbickerstaff2f@home.pl,Product Management,$47304.72
89,Eldridge,Blint,eblint2g@csmonitor.com,Services,$34718.80
90,Mace,Recher,mrecher2h@ow.ly,Support,$25063.11
91,Arty,Gini,agini2i@businessweek.com,Legal,$10009.86
92,Gilligan,Whitlock,gwhitlock2j@over-blog.com,Legal,$31358.13
93,Reine,Frankum,rfrankum2k@dot.gov,Human Resources,$42318.71
94,Gabi,Jolly,gjolly2l@vkontakte.ru,Sales,$24736.05
95,Denis,Stuchbery,dstuchbery2m@google.nl,Engineering,$23515.74
96,Esmaria,Clewes,eclewes2n@archive.org,Business Development,$7545.12
97,Mala,Aingell,maingell2o@nba.com,Research and Development,$7460.28
98,Terrie,Hassey,thassey2p@hud.gov,Accounting,$17419.07
99,Dorie,Prevett,dprevett2q@jugem.jp,Human Resources,$14328.19
100,Jarid,Eytel,jeytel2r@dailymail.co.uk,Accounting,$24111.66
101,Launce,Roswarn,lroswarn2s@nba.com,Engineering,$18253.78
102,Bryn,Hursthouse,bhursthouse2t@usnews.com,Business Development,$15591.51
103,Connie,Rallin,crallin2u@noaa.gov,Engineering,$10948.15
104,Osmond,Fulmen,ofulmen2v@pcworld.com,Marketing,$43484.54
105,Humfrey,Pigot,hpigot2w@indiatimes.com,Business Development,$14031.30
106,Garek,Silverson,gsilverson2x@netlog.com,Accounting,$48422.51
107,Marketa,Bleeze,mbleeze2y@google.pl,Research and Development,$49536.63
108,Auria,Mandres,amandres2z@skyrock.com,Accounting,$37159.56
109,Kari,Deeprose,kdeeprose30@europa.eu,Legal,$28485.99
110,Eulalie,Dowsey,edowsey31@squidoo.com,Training,$25899.76
111,Almeta,Balderstone,abalderstone32@simplemachines.org,Business Development,$47111.19
112,Theodora,Eldered,teldered33@histats.com,Human Resources,$33277.20
113,Vonnie,Springthorpe,vspringthorpe34@nature.com,Accounting,$21589.76
114,Raquela,Crone,rcrone35@marketwatch.com,Human Resources,$23774.15
115,Alvira,Erratt,aerratt36@ftc.gov,Services,$7621.77
116,Barde,Dun,bdun37@tripadvisor.com,Services,$1654.12
117,Garnette,Gregson,ggregson38@businessweek.com,Engineering,$9334.31
118,Fedora,Pirrie,fpirrie39@google.nl,Services,$18008.66
119,Leoline,Pashler,lpashler3a@gravatar.com,Engineering,$37671.76
120,Dietrich,Ivashnyov,divashnyov3b@163.com,Human Resources,$21021.15
121,Janean,Buckenhill,jbuckenhill3c@1und1.de,Engineering,$18232.84
122,Allegra,Teodoro,ateodoro3d@creativecommons.org,Human Resources,$49351.98
123,Issie,Harkin,iharkin3e@nationalgeographic.com,Research and Development,$30015.75
124,Woodrow,Binton,wbinton3f@miibeian.gov.cn,Research and Development,$28641.15
125,Leonerd,Fayers,lfayers3g@craigslist.org,Accounting,$38067.61
126,Ax,Oxford,aoxford3h@ycombinator.com,Sales,$4024.03
127,Kipp,Ironmonger,kironmonger3i@dyndns.org,Sales,$7345.99
128,Anissa,Richardot,arichardot3j@constantcontact.com,Sales,$42132.51
129,Adolphe,Rollitt,arollitt3k@sina.com.cn,Support,$25019.23
130,Bruis,Storre,bstorre3l@twitter.com,Sales,$7184.61
131,Fancy,Jenson,fjenson3m@slate.com,Business Development,$28525.19
132,Hettie,Kohring,hkohring3n@businessweek.com,Marketing,$26786.25
133,Andrew,Garm,agarm3o@miibeian.gov.cn,Business Development,$33478.99
134,Colly,Adriaan,cadriaan3p@jiathis.com,Services,$21328.13
135,Adina,Easson,aeasson3q@w3.org,Services,$14044.76
136,Washington,Scryne,wscryne3r@ft.com,Research and Development,$39088.71
137,Vinita,Poulson,vpoulson3s@sciencedirect.com,Services,$44428.72
138,Janis,Keling,jkeling3t@1688.com,Product Management,$45230.51
139,Beverlee,Caisley,bcaisley3u@theatlantic.com,Sales,$10647.29
140,Bonny,Haddy,bhaddy3v@who.int,Research and Development,$34495.82
141,Orelee,Livingstone,olivingstone3w@blog.com,Product Management,$34562.83
142,Mallorie,Beentjes,mbeentjes3x@ucsd.edu,Training,$30163.22
143,Jannel,Hudleston,jhudleston3y@ebay.co.uk,Sales,$20258.48
144,Haleigh,Mewett,hmewett3z@blogger.com,Marketing,$4300.18
145,Wallie,Camis,wcamis40@jalbum.net,Training,$4548.15
146,Jami,Ropkes,jropkes41@amazon.co.uk,Services,$9335.25
147,Lurette,Shippam,lshippam42@merriam-webster.com,Legal,$47704.07
148,Griffin,Human,ghuman43@admin.ch,Engineering,$32650.33
149,Chrissie,Caudelier,ccaudelier44@admin.ch,Marketing,$20253.49
150,Carree,Houdmont,choudmont45@bravesites.com,Engineering,$11931.70
151,Garwood,Hoggan,ghoggan46@comcast.net,Legal,$17361.60
152,Shanan,Vears,svears47@amazon.com,Legal,$11020.80
153,Lynde,Addicott,laddicott48@google.com.hk,Services,$24891.61
154,Stefan,Hanby,shanby49@samsung.com,Training,$18964.21
155,Elbert,Waddingham,ewaddingham4a@dmoz.org,Human Resources,$29699.85
156,Maddy,Starrs,mstarrs4b@pen.io,Legal,$39793.28
157,Beatriz,Glyde,bglyde4c@twitter.com,Services,$29236.85
158,Devina,Brettle,dbrettle4d@thetimes.co.uk,Engineering,$46954.42
159,Sybil,Butterfill,sbutterfill4e@nytimes.com,Accounting,$45173.91
160,Lodovico,Lequeux,llequeux4f@ucla.edu,Accounting,$44711.26
161,Saunderson,Jagson,sjagson4g@buzzfeed.com,Training,$40225.14
162,Mariann,Pawelke,mpawelke4h@freewebs.com,Services,$25863.05
163,Gwenora,Bryett,gbryett4i@parallels.com,Legal,$19627.25
164,Alta,Taaffe,ataaffe4j@fema.gov,Marketing,$48500.11
165,Hilary,Muck,hmuck4k@ifeng.com,Services,$19283.85
166,Sallie,Doudny,sdoudny4l@example.com,Research and Development,$32338.14
167,Alleen,Allix,aallix4m@reddit.com,Business Development,$9116.63
168,Wes,Sidary,wsidary4n@constantcontact.com,Business Development,$13170.57
169,Ariela,Niece,aniece4o@usda.gov,Services,$47147.59
170,Indira,Scyone,iscyone4p@sina.com.cn,Engineering,$10678.28
171,Elfrida,Sampey,esampey4q@hexun.com,Training,$45379.92
172,Jena,Gutcher,jgutcher4r@ow.ly,Engineering,$25466.21
173,Rorie,Glavias,rglavias4s@bloomberg.com,Marketing,$12915.88
174,Evvy,Tibbotts,etibbotts4t@zdnet.com,Training,$28165.59
175,Adolf,Hassin,ahassin4u@posterous.com,Engineering,$32465.02
176,Susanetta,Carleton,scarleton4v@businessinsider.com,Business Development,$3755.53
177,Cyb,Peachey,cpeachey4w@unicef.org,Product Management,$40860.41
178,Merrili,Partkya,mpartkya4x@psu.edu,Business Development,$15269.44
179,Lurette,Ganforth,lganforth4y@npr.org,Product Management,$21535.14
180,Fredric,Whapples,fwhapples4z@gov.uk,Research and Development,$47510.77
181,Ciel,Gabbitas,cgabbitas50@hao123.com,Accounting,$37753.32
182,Mandie,Plak,mplak51@phpbb.com,Services,$28226.18
183,Bartie,Grigoli,bgrigoli52@admin.ch,Marketing,$24630.76
184,Benton,Tuffield,btuffield53@instagram.com,Marketing,$2186.96
185,Anabella,Batisse,abatisse54@imgur.com,Business Development,$22474.55
186,Yardley,Paszak,ypaszak55@delicious.com,Research and Development,$29835.43
187,Gustave,Waddie,gwaddie56@bing.com,Sales,$29784.38
188,Maximilianus,Rillett,mrillett57@adobe.com,Training,$11131.04
189,Enriqueta,Marikhin,emarikhin58@google.it,Marketing,$48404.93
190,Selie,Millar,smillar59@netlog.com,Accounting,$22135.00
191,Maudie,Skudder,mskudder5a@telegraph.co.uk,Research and Development,$32891.47
192,Glennie,Joseland,gjoseland5b@sakura.ne.jp,Accounting,$47909.89
193,Annalee,Leabeater,aleabeater5c@sfgate.com,Accounting,$38930.07
194,Kassi,Bebis,kbebis5d@vinaora.com,Accounting,$8402.17
195,Bil,Tomczykowski,btomczykowski5e@about.me,Sales,$30387.96
196,Glenn,Gammade,ggammade5f@psu.edu,Product Management,$23593.19
197,Tawsha,Gowdie,tgowdie5g@moonfruit.com,Legal,$5929.28
198,Kaine,Habercham,khabercham5h@wp.com,Accounting,$10576.13
199,Rici,Ffrench,rffrench5i@icio.us,Product Management,$38607.05
200,Kalil,Pearce,kpearce5j@networkadvertising.org,Services,$44819.99
201,Phillida,Caplen,pcaplen5k@berkeley.edu,Business Development,$27569.93
202,Kale,Gobbet,kgobbet5l@umich.edu,Research and Development,$18811.95
203,Joseph,Vowden,jvowden5m@goo.gl,Marketing,$19583.17
204,Brandy,Cameron,bcameron5n@mozilla.org,Training,$36366.60
205,Damiano,Wagg,dwagg5o@skype.com,Engineering,$21690.84
206,Pia,Levane,plevane5p@ucoz.com,Business Development,$41162.50
207,Fayth,Hoggan,fhoggan5q@toplist.cz,Sales,$29122.13
208,Margi,Lafflin,mlafflin5r@vkontakte.ru,Business Development,$47381.07
209,Minor,McMichell,mmcmichell5s@foxnews.com,Business Development,$13923.03
210,Lilli,Pods,lpods5t@youtube.com,Support,$5077.28
211,Lyell,Davidof,ldavidof5u@abc.net.au,Business Development,$18823.80
212,Joseph,Handling,jhandling5v@flickr.com,Training,$46478.85
213,Bill,Bourgourd,bbourgourd5w@ustream.tv,Business Development,$6258.95
214,Julissa,Grazier,jgrazier5x@boston.com,Human Resources,$17169.70
215,Emmeline,Curnock,ecurnock5y@hc360.com,Services,$11006.89
216,Torey,Oventon,toventon5z@livejournal.com,Training,$13211.54
217,Reuven,Shuttlewood,rshuttlewood60@hostgator.com,Services,$21382.05
218,Bernadina,Howlin,bhowlin61@twitpic.com,Accounting,$14615.50
219,Melvin,Le Noir,mlenoir62@t-online.de,Support,$37432.04
220,Valerie,Rhelton,vrhelton63@blogs.com,Business Development,$32479.68
221,Calv,Calderon,ccalderon64@google.it,Training,$4707.99
222,Jorey,Crickmore,jcrickmore65@cargocollective.com,Marketing,$40364.91
223,Vanessa,Booij,vbooij66@typepad.com,Training,$40731.85
224,Denice,McCarthy,dmccarthy67@example.com,Product Management,$18588.22
225,Chiquia,Labrom,clabrom68@bigcartel.com,Research and Development,$8670.17
226,Brian,Habbergham,bhabbergham69@loc.gov,Product Management,$6986.85
227,Bev,Baumaier,bbaumaier6a@dailymail.co.uk,Legal,$25108.07
228,Fleming,Di Biagio,fdibiagio6b@wired.com,Marketing,$12992.19
229,Sayre,Chestney,schestney6c@msn.com,Training,$29554.34
230,Huberto,Chantler,hchantler6d@skype.com,Accounting,$42155.44
231,Lise,Neilson,lneilson6e@1und1.de,Research and Development,$7510.04
232,Gare,Wigsell,gwigsell6f@surveymonkey.com,Accounting,$35825.27
233,Dennet,Bourgaize,dbourgaize6g@woothemes.com,Marketing,$30851.54
234,Casey,Fairlem,cfairlem6h@myspace.com,Human Resources,$30233.84
235,Katrinka,Von Gladbach,kvongladbach6i@furl.net,Business Development,$4010.21
236,Arnoldo,Barton,abarton6j@ning.com,Training,$10799.93
237,Drusy,Mateev,dmateev6k@istockphoto.com,Training,$46779.35
238,Hewet,Gringley,hgringley6l@desdev.cn,Engineering,$21491.64
239,Oona,Sonley,osonley6m@slideshare.net,Accounting,$10211.41
240,Pen,Dohms,pdohms6n@odnoklassniki.ru,Training,$14976.48
241,Mei,Stucke,mstucke6o@accuweather.com,Support,$10500.71
242,Enrika,Biddell,ebiddell6p@sciencedaily.com,Legal,$20182.23
243,Lutero,Marle,lmarle6q@scientificamerican.com,Services,$41317.79
244,Suzette,Fardell,sfardell6r@wikimedia.org,Product Management,$9374.28
245,Sadye,Munkley,smunkley6s@wordpress.com,Accounting,$22721.48
246,Normy,Whatson,nwhatson6t@hhs.gov,Human Resources,$42600.99
247,Janeen,McGifford,jmcgifford6u@naver.com,Human Resources,$33282.73
248,Augustine,Borthe,aborthe6v@omniture.com,Accounting,$39358.60
249,Holly,Polet,hpolet6w@smh.com.au,Product Management,$38309.18
250,Eugenia,Cosgrive,ecosgrive6x@youku.com,Human Resources,$14160.60
251,Hyacinthia,Mival,hmival6y@t-online.de,Legal,$18421.08
252,Jeramey,Paddison,jpaddison6z@wufoo.com,Business Development,$28531.41
253,Bond,Bolt,bbolt70@addtoany.com,Training,$4410.78
254,Caron,Gunningham,cgunningham71@oaic.gov.au,Business Development,$31649.98
255,Joann,Gooderson,jgooderson72@gravatar.com,Legal,$23578.63
256,Grantham,Doberer,gdoberer73@eventbrite.com,Engineering,$8500.37
257,Russell,Bainbrigge,rbainbrigge74@cyberchimps.com,Human Resources,$4689.98
258,Burt,Chesman,bchesman75@theatlantic.com,Sales,$21603.42
259,Regina,Campkin,rcampkin76@boston.com,Accounting,$27149.64
260,Jody,Furtado,jfurtado77@google.com,Research and Development,$26811.41
261,Prudi,Smallsman,psmallsman78@china.com.cn,Support,$5506.21
262,Erena,Grassot,egrassot79@berkeley.edu,Legal,$35505.90
263,Talbert,Berrisford,tberrisford7a@topsy.com,Human Resources,$3729.16
264,Callean,Chadd,cchadd7b@opensource.org,Legal,$34526.58
265,Caren,Speek,cspeek7c@nasa.gov,Support,$38530.56
266,Nicolis,Heine,nheine7d@wisc.edu,Services,$25140.31
267,Dalli,Mayoh,dmayoh7e@craigslist.org,Legal,$21764.01
268,Penelope,Doogan,pdoogan7f@hatena.ne.jp,Engineering,$38683.33
269,Enrica,Vasenkov,evasenkov7g@blogspot.com,Support,$2178.67
270,Nixie,Renad,nrenad7h@unesco.org,Business Development,$18189.12
271,Ebba,Kitchaside,ekitchaside7i@redcross.org,Sales,$22665.10
272,Maddie,Andrin,mandrin7j@spiegel.de,Marketing,$42432.79
273,Gianni,Toke,gtoke7k@blinklist.com,Marketing,$35348.70
274,Devin,Ekkel,dekkel7l@friendfeed.com,Business Development,$47298.25
275,Cherri,Juhruke,cjuhruke7m@tamu.edu,Engineering,$29842.13
276,Mathe,Grantham,mgrantham7n@google.it,Engineering,$40221.74
277,Madelin,Tevelov,mtevelov7o@cloudflare.com,Human Resources,$22715.72
278,Pamella,de Bullion,pdebullion7p@4shared.com,Services,$46387.47
279,Koenraad,Larret,klarret7q@oracle.com,Legal,$6601.07
280,Maximilian,Faithorn,mfaithorn7r@blogger.com,Sales,$10719.63
281,Adrianne,Titterton,atitterton7s@illinois.edu,Services,$42288.83
282,Jess,Rosenthaler,jrosenthaler7t@amazon.co.uk,Training,$16773.98
283,Chelsea,Tedorenko,ctedorenko7u@weebly.com,Sales,$27318.46
284,Ewan,Lording,elording7v@auda.org.au,Business Development,$39063.83
285,Willy,Eaglesham,weaglesham7w@stumbleupon.com,Services,$31849.73
286,Twyla,Buxsey,tbuxsey7x@symantec.com,Product Management,$33918.99
287,Gaelan,Dando,gdando7y@godaddy.com,Services,$35051.23
288,Rodge,Atlee,ratlee7z@netvibes.com,Business Development,$27409.12
289,Dulciana,Giddons,dgiddons80@csmonitor.com,Business Development,$6469.50
290,Bernard,Pinsent,bpinsent81@tamu.edu,Business Development,$31175.53
291,Yoshi,Minear,yminear82@wunderground.com,Business Development,$34871.81
292,Carmita,Dimitrescu,cdimitrescu83@cargocollective.com,Services,$11027.66
293,Earlie,Kilalea,ekilalea84@google.ca,Engineering,$31551.28
294,Nelle,Burel,nburel85@people.com.cn,Engineering,$31957.70
295,Melitta,Milliken,mmilliken86@scientificamerican.com,Accounting,$38026.71
296,Darnell,Veryard,dveryard87@qq.com,Product Management,$9764.95
297,Christie,Crookshanks,ccrookshanks88@vistaprint.com,Product Management,$40946.73
298,Mitchael,Wilgar,mwilgar89@ovh.net,Engineering,$13340.23
299,Cayla,De la Harpe,cdelaharpe8a@upenn.edu,Accounting,$6054.22
300,Dalston,Postians,dpostians8b@devhub.com,Marketing,$21037.86
301,Brade,LeEstut,bleestut8c@mozilla.org,Business Development,$45061.95
302,Catriona,Lydon,clydon8d@freewebs.com,Accounting,$26538.02
303,Phillip,Rainard,prainard8e@miitbeian.gov.cn,Business Development,$46778.86
304,Trip,Banasevich,tbanasevich8f@sphinn.com,Services,$34457.07
305,Cathy,Zimek,czimek8g@telegraph.co.uk,Engineering,$31351.03
306,Mack,Courtes,mcourtes8h@nifty.com,Human Resources,$48071.15
307,Sabine,Dalgety,sdalgety8i@infoseek.co.jp,Legal,$15784.69
308,Leshia,Bradforth,lbradforth8j@abc.net.au,Training,$24938.83
309,Christian,Andersson,candersson8k@about.me,Legal,$42528.95
310,Celesta,Fragino,cfragino8l@squidoo.com,Product Management,$38450.38
311,Denice,Loach,dloach8m@cnn.com,Engineering,$45388.79
312,Edvard,Vallow,evallow8n@house.gov,Sales,$33097.60
313,Kele,Curl,kcurl8o@timesonline.co.uk,Engineering,$1873.12
314,Brandice,Rennard,brennard8p@gmpg.org,Accounting,$2478.61
315,Vite,Gronous,vgronous8q@cbc.ca,Business Development,$34751.47
316,Candice,Guymer,cguymer8r@php.net,Product Management,$47116.25
317,Dermot,Stubbington,dstubbington8s@shinystat.com,Services,$26029.47
318,Betteann,Gunning,bgunning8t@nifty.com,Training,$36744.90
319,Andrus,Marjanski,amarjanski8u@fotki.com,Product Management,$43785.54
320,Langsdon,Iddens,liddens8v@livejournal.com,Business Development,$44419.36
321,Etta,Salvage,esalvage8w@fastcompany.com,Support,$24374.35
322,Mitzi,Dunster,mdunster8x@ox.ac.uk,Product Management,$22658.77
323,Renee,Swigger,rswigger8y@tuttocitta.it,Sales,$44180.50
324,Meridith,Coysh,mcoysh8z@google.com,Services,$18059.04
325,Pedro,Matuszynski,pmatuszynski90@usatoday.com,Sales,$16961.94
326,Basile,Manon,bmanon91@foxnews.com,Training,$36277.93
327,Gardiner,Snawdon,gsnawdon92@fotki.com,Sales,$11000.01
328,Elianora,Gumby,egumby93@simplemachines.org,Training,$38899.80
329,Tobi,Baynes,tbaynes94@apple.com,Business Development,$27037.54
330,Oralee,Eaddy,oeaddy95@twitpic.com,Legal,$41098.08
331,Tove,Bootell,tbootell96@etsy.com,Engineering,$6003.56
332,Angeli,Call,acall97@mashable.com,Sales,$5247.50
333,Malanie,Flatley,mflatley98@wisc.edu,Product Management,$49512.91
334,Gwenneth,Faughny,gfaughny99@scribd.com,Business Development,$32308.48
335,Dulcia,Joslow,djoslow9a@freewebs.com,Engineering,$44575.31
336,Pietra,Coots,pcoots9b@cloudflare.com,Accounting,$9435.48
337,Ryan,Manilo,rmanilo9c@npr.org,Research and Development,$20229.69
338,Bridgette,Dowbiggin,bdowbiggin9d@digg.com,Business Development,$10166.99
339,Tandie,Brabant,tbrabant9e@creativecommons.org,Engineering,$10444.87
340,Olva,Jozsika,ojozsika9f@ameblo.jp,Training,$12995.77
341,Alyosha,Norquoy,anorquoy9g@qq.com,Sales,$33098.12
342,Cart,Sleeny,csleeny9h@altervista.org,Product Management,$8899.60
343,Irma,Jaynes,ijaynes9i@bigcartel.com,Engineering,$37732.70
344,Beverlie,Dunnion,bdunnion9j@reddit.com,Research and Development,$19112.89
345,Rubin,Cardenas,rcardenas9k@trellian.com,Marketing,$16391.03
346,Gisele,Stitcher,gstitcher9l@webeden.co.uk,Accounting,$5560.90
347,Charlene,Frushard,cfrushard9m@behance.net,Legal,$21570.41
348,Issie,Jarratt,ijarratt9n@unblog.fr,Accounting,$29518.84
349,Caitrin,Vigers,cvigers9o@creativecommons.org,Business Development,$14689.89
350,Glendon,Stuckow,gstuckow9p@vinaora.com,Research and Development,$2243.24
351,Rozelle,Rushbrooke,rrushbrooke9q@cnet.com,Human Resources,$42473.70
352,Korney,Reade,kreade9r@flavors.me,Accounting,$16324.46
353,Harriette,Rustidge,hrustidge9s@de.vu,Engineering,$3664.28
354,Trudy,Broxholme,tbroxholme9t@fda.gov,Product Management,$46417.03
355,Petr,Stockney,pstockney9u@weebly.com,Support,$13860.44
356,Fanechka,Dulany,fdulany9v@canalblog.com,Business Development,$31985.27
357,Almira,Roycroft,aroycroft9w@auda.org.au,Marketing,$26021.71
358,Abbe,Thebeau,athebeau9x@deviantart.com,Accounting,$39892.04
359,Feliza,Scruton,fscruton9y@zdnet.com,Product Management,$16480.06
360,Conant,Blamires,cblamires9z@opensource.org,Engineering,$44173.76
361,Cathrine,Tindley,ctindleya0@dagondesign.com,Legal,$36753.62
362,Hoebart,Duffree,hduffreea1@cocolog-nifty.com,Legal,$37527.86
363,Terza,Yeatman,tyeatmana2@reuters.com,Services,$48430.01
364,Robinett,Lamerton,rlamertona3@hubpages.com,Product Management,$46597.49
365,Farlee,Charity,fcharitya4@mayoclinic.com,Human Resources,$24246.07
366,Gweneth,Strickland,gstricklanda5@furl.net,Services,$16302.59
367,Theodoric,McMullen,tmcmullena6@si.edu,Marketing,$36734.79
368,Ynez,Chadburn,ychadburna7@webs.com,Product Management,$2964.43
369,Cristian,Egel,cegela8@merriam-webster.com,Legal,$9125.75
370,Tremain,Lightning,tlightninga9@reverbnation.com,Research and Development,$23639.16
371,Ricardo,Grimmert,rgrimmertaa@delicious.com,Research and Development,$16438.86
372,Nadya,Pleven,nplevenab@typepad.com,Human Resources,$38695.52
373,Fancy,Dorney,fdorneyac@cbsnews.com,Support,$41555.90
374,Pippa,Warlawe,pwarlawead@moonfruit.com,Sales,$6889.00
375,Faythe,Vakhonin,fvakhoninae@sbwire.com,Research and Development,$9233.30
376,Anatol,Carreyette,acarreyetteaf@cbsnews.com,Human Resources,$10086.13
377,Anabella,Beeble,abeebleag@phpbb.com,Accounting,$9267.80
378,Norean,Henighan,nhenighanah@gizmodo.com,Services,$25232.18
379,Tiebold,Percival,tpercivalai@slideshare.net,Product Management,$21509.28
380,Aldrich,Wattisham,awattishamaj@examiner.com,Engineering,$37142.52
381,Janaya,Purcell,jpurcellak@homestead.com,Research and Development,$13881.83
382,Shelbi,Schriren,sschrirenal@cornell.edu,Research and Development,$11932.81
383,Bridget,Munkley,bmunkleyam@admin.ch,Business Development,$2277.31
384,Jordon,Warboy,jwarboyan@skyrock.com,Marketing,$33791.95
385,Andros,Hodinton,ahodintonao@sbwire.com,Research and Development,$14797.96
386,Creighton,Forty,cfortyap@admin.ch,Marketing,$1601.25
387,Sosanna,Measom,smeasomaq@cisco.com,Sales,$23544.64
388,Janek,Leyshon,jleyshonar@desdev.cn,Engineering,$14640.18
389,Richmond,Norris,rnorrisas@furl.net,Accounting,$39148.86
390,Siegfried,Snarie,ssnarieat@hugedomains.com,Human Resources,$2625.41
391,Bing,Grinaugh,bgrinaughau@umn.edu,Product Management,$48555.62
392,Shandie,Yekel,syekelav@yahoo.com,Product Management,$43050.92
393,Melly,McGall,mmcgallaw@adobe.com,Human Resources,$27261.30
394,Frayda,Pentecust,fpentecustax@gizmodo.com,Business Development,$2692.96
395,Moira,Larrad,mlarraday@lycos.com,Legal,$25138.24
396,Baillie,Idell,bidellaz@dailymotion.com,Sales,$49160.70
397,Garek,Tenbrug,gtenbrugb0@meetup.com,Business Development,$23694.36
398,Lucius,Dymond,ldymondb1@va.gov,Legal,$25153.97
399,Graig,Colvine,gcolvineb2@google.fr,Research and Development,$5219.13
400,Patrizia,Mottershaw,pmottershawb3@booking.com,Sales,$47670.36
401,Cassius,Cotelard,ccotelardb4@nasa.gov,Accounting,$15517.72
402,Bent,Boyne,bboyneb5@google.pl,Business Development,$10561.08
403,Aarika,Folini,afolinib6@ox.ac.uk,Support,$40928.15
404,Nikola,Turfus,nturfusb7@army.mil,Marketing,$26348.86
405,Vinnie,Harbar,vharbarb8@latimes.com,Legal,$34279.57
406,Teddi,Lukacs,tlukacsb9@photobucket.com,Marketing,$19520.94
407,Amara,Takkos,atakkosba@google.de,Marketing,$47215.40
408,Benny,Cutajar,bcutajarbb@gmpg.org,Sales,$3634.08
409,Willard,Obin,wobinbc@archive.org,Human Resources,$23491.21
410,Lela,Hessay,lhessaybd@about.me,Support,$38368.77
411,Sullivan,Slidders,ssliddersbe@digg.com,Support,$37788.15
412,Joline,Tellwright,jtellwrightbf@cocolog-nifty.com,Services,$4211.38
413,Janaye,Edwicke,jedwickebg@cloudflare.com,Legal,$32414.68
414,Hunfredo,Sterke,hsterkebh@bluehost.com,Research and Development,$2290.06
415,Yulma,Vargas,yvargasbi@over-blog.com,Services,$41916.22
416,Armstrong,Glawsop,aglawsopbj@gnu.org,Training,$25187.26
417,Tyrus,Ivanishin,tivanishinbk@blinklist.com,Marketing,$42542.82
418,Holly,Mein,hmeinbl@utexas.edu,Services,$14689.06
419,Jessee,Mathews,jmathewsbm@sogou.com,Training,$3286.09
420,Sholom,Hairyes,shairyesbn@army.mil,Marketing,$13330.01
421,Cristie,Moens,cmoensbo@flavors.me,Legal,$18096.59
422,Jo-anne,Rieme,jriemebp@telegraph.co.uk,Accounting,$26817.99
423,Jacquetta,Embleton,jembletonbq@sfgate.com,Engineering,$21885.35
424,Karry,Hatzar,khatzarbr@bloglines.com,Product Management,$33871.34
425,Dennie,Angel,dangelbs@sakura.ne.jp,Business Development,$38866.42
426,Aldrich,Exroll,aexrollbt@newyorker.com,Services,$47815.09
427,Clayson,Waples,cwaplesbu@yellowpages.com,Support,$27684.39
428,Alessandro,Odgers,aodgersbv@spiegel.de,Support,$36299.80
429,Dannie,Gooday,dgoodaybw@vk.com,Engineering,$3747.97
430,Abbey,Keaveny,akeavenybx@furl.net,Support,$35153.26
431,Russell,Romanet,rromanetby@irs.gov,Marketing,$41608.55
432,Welbie,Seamer,wseamerbz@4shared.com,Engineering,$42199.93
433,Ginny,Iacobetto,giacobettoc0@psu.edu,Engineering,$41101.16
434,Noni,Gregoriou,ngregoriouc1@timesonline.co.uk,Legal,$11704.95
435,Evelina,Sutheran,esutheranc2@google.fr,Research and Development,$24955.52
436,Penelopa,Coney,pconeyc3@a8.net,Sales,$49942.61
437,Kenon,Morin,kmorinc4@paypal.com,Product Management,$12472.34
438,Thibaud,Carsberg,tcarsbergc5@macromedia.com,Product Management,$46903.64
439,Goldarina,Waight,gwaightc6@github.com,Accounting,$15846.35
440,Ulrike,Plover,uploverc7@studiopress.com,Accounting,$2670.97
441,Nat,Norres,nnorresc8@guardian.co.uk,Support,$16840.28
442,Rosalie,Lathbury,rlathburyc9@washington.edu,Human Resources,$38865.88
443,Link,Allman,lallmanca@hatena.ne.jp,Support,$11076.33
444,Prudy,Farnhill,pfarnhillcb@netvibes.com,Legal,$31712.90
445,Odilia,Millward,omillwardcc@amazonaws.com,Human Resources,$9889.97
446,Eadith,Chessum,echessumcd@vkontakte.ru,Training,$39633.21
447,Xerxes,Pirdy,xpirdyce@tripod.com,Sales,$20733.77
448,Alphard,Pottage,apottagecf@canalblog.com,Accounting,$6938.90
449,Ricky,Lurcock,rlurcockcg@nhs.uk,Support,$41098.62
450,Mirabel,Girling,mgirlingch@wisc.edu,Sales,$42534.29
451,Carson,Burrage,cburrageci@altervista.org,Legal,$13752.40
452,Hesther,Bouts,hboutscj@ft.com,Services,$31566.24
453,Fabe,O'Sesnane,fosesnaneck@nps.gov,Human Resources,$5125.18
454,Gwynne,McTurlough,gmcturloughcl@squidoo.com,Services,$11455.05
455,Kenny,Riggert,kriggertcm@oracle.com,Business Development,$44812.12
456,Fanni,Connick,fconnickcn@linkedin.com,Support,$34863.82
457,Meara,Sockell,msockellco@biglobe.ne.jp,Research and Development,$25996.16
458,Walt,Searson,wsearsoncp@printfriendly.com,Services,$15253.49
459,Micah,Stanes,mstanescq@storify.com,Support,$3267.86
460,Inger,Condie,icondiecr@biglobe.ne.jp,Research and Development,$43787.43
461,Lora,Nutley,lnutleycs@cafepress.com,Legal,$48253.60
462,Madlen,Heinritz,mheinritzct@ihg.com,Legal,$28692.31
463,Shurlock,Ellerey,sellereycu@privacy.gov.au,Marketing,$16370.87
464,My,Nockells,mnockellscv@comcast.net,Business Development,$15789.08
465,Grazia,Tamplin,gtamplincw@hibu.com,Human Resources,$15113.64
466,Reeta,Francescozzi,rfrancescozzicx@ed.gov,Legal,$21046.40
467,Aron,Monan,amonancy@yolasite.com,Support,$44942.47
468,Aggie,Tester,atestercz@uiuc.edu,Business Development,$24642.24
469,Kelcey,Handrik,khandrikd0@1688.com,Business Development,$3023.60
470,Hana,Hamblett,hhamblettd1@yahoo.co.jp,Business Development,$34500.96
471,Bond,Asman,basmand2@engadget.com,Support,$47412.16
472,Lilli,Chasteau,lchasteaud3@businessinsider.com,Engineering,$13870.24
473,Cherie,Aberdeen,caberdeend4@state.gov,Research and Development,$28124.29
474,Immanuel,Denver,idenverd5@cyberchimps.com,Services,$2521.75
475,Pebrook,Leving,plevingd6@adobe.com,Services,$16297.29
476,Velvet,Wetwood,vwetwoodd7@jalbum.net,Marketing,$20667.04
477,Shandy,Durrad,sdurradd8@miitbeian.gov.cn,Sales,$3475.46
478,Kellsie,Clinch,kclinchd9@jalbum.net,Accounting,$44131.41
479,Jeannie,Earles,jearlesda@canalblog.com,Business Development,$12528.75
480,Blinnie,Seydlitz,bseydlitzdb@miibeian.gov.cn,Business Development,$8353.42
481,Christi,Iacovo,ciacovodc@time.com,Human Resources,$34843.68
482,Valaria,Zapatero,vzapaterodd@nature.com,Accounting,$19325.59
483,Noella,Mollene,nmollenede@bbc.co.uk,Training,$37705.81
484,Cecilio,Gherarducci,cgherarduccidf@msn.com,Legal,$24516.72
485,Beth,Lenard,blenarddg@imdb.com,Business Development,$12132.52
486,Melonie,Robben,mrobbendh@columbia.edu,Marketing,$21071.11
487,Xenos,Durrans,xdurransdi@sitemeter.com,Business Development,$34662.47
488,Janina,Jaye,jjayedj@nbcnews.com,Human Resources,$11639.11
489,Joella,Ramage,jramagedk@whitehouse.gov,Business Development,$48199.27
490,Michaela,Tanzer,mtanzerdl@princeton.edu,Business Development,$25917.64
491,Jamie,Bartoletti,jbartolettidm@sfgate.com,Engineering,$37801.29
492,Kellie,Gontier,kgontierdn@chicagotribune.com,Accounting,$15570.58
493,Artur,O'Scanlon,aoscanlondo@163.com,Engineering,$5021.59
494,Drake,Meedendorpe,dmeedendorpedp@si.edu,Support,$3089.04
495,Calhoun,Grigoriscu,cgrigoriscudq@goo.gl,Product Management,$16494.78
496,Kattie,Bevington,kbevingtondr@ca.gov,Product Management,$31838.46
497,Marysa,O'Leahy,moleahyds@cdc.gov,Support,$17464.12
498,Dianne,Andreev,dandreevdt@mediafire.com,Sales,$44969.94
499,Emmey,MacTrustey,emactrusteydu@myspace.com,Business Development,$46561.57
500,Helli,Purnell,hpurnelldv@senate.gov,Sales,$37145.10
501,Efrem,Falshaw,efalshawdw@apple.com,Support,$18421.40
502,Roarke,Boynton,rboyntondx@xing.com,Training,$20192.68
503,Tierney,McKague,tmckaguedy@feedburner.com,Business Development,$49438.51
504,Timmy,Pakes,tpakesdz@wikipedia.org,Engineering,$29215.98
505,Odelle,Brazener,obrazenere0@businessinsider.com,Training,$27976.88
506,Angelita,Glitherow,aglitherowe1@jiathis.com,Human Resources,$48406.62
507,Raymund,Lavery,rlaverye2@howstuffworks.com,Research and Development,$20140.88
508,Reilly,McDermot,rmcdermote3@comcast.net,Engineering,$43804.45
509,Marlane,Ritzman,mritzmane4@mlb.com,Research and Development,$36393.25
510,Broddy,Gifkins,bgifkinse5@usgs.gov,Accounting,$8305.51
511,Jerry,Koopman,jkoopmane6@liveinternet.ru,Marketing,$29826.62
512,Waverley,Wandrich,wwandriche7@upenn.edu,Accounting,$47456.21
513,Kiah,Heaford,kheaforde8@fotki.com,Marketing,$48234.67
514,Eldredge,Blanket,eblankete9@sakura.ne.jp,Legal,$9816.92
515,Ansell,Cordeix,acordeixea@a8.net,Legal,$43734.35
516,Justus,Marques,jmarqueseb@sfgate.com,Accounting,$35873.45
517,Bert,Lum,blumec@unesco.org,Training,$8968.67
518,Blake,Lightning,blightninged@de.vu,Support,$31019.70
519,Caresse,Oxenford,coxenfordee@marriott.com,Research and Development,$48752.60
520,Herve,Brazear,hbrazearef@lycos.com,Engineering,$35461.35
521,Bond,Boyne,bboyneeg@pinterest.com,Legal,$43266.27
522,Sauncho,Trowbridge,strowbridgeeh@census.gov,Product Management,$7151.00
523,Tish,Moxley,tmoxleyei@topsy.com,Legal,$38128.55
524,Amie,Vigneron,avigneronej@netvibes.com,Legal,$19808.65
525,Carey,Lyptratt,clyptrattek@hexun.com,Research and Development,$34591.88
526,Danika,Matthews,dmatthewsel@cdbaby.com,Product Management,$38294.19
527,Erich,Dinning,edinningem@accuweather.com,Marketing,$37033.44
528,Husein,Freiberg,hfreibergen@godaddy.com,Services,$46064.73
529,Chet,Postians,cpostianseo@simplemachines.org,Support,$37858.10
530,Berry,Shute,bshuteep@myspace.com,Engineering,$2844.20
531,Daisie,Laffling,dlafflingeq@un.org,Research and Development,$25019.74
532,Corabelle,Sauven,csauvener@unc.edu,Engineering,$4997.19
533,Lacie,Ranson,lransones@myspace.com,Services,$13955.43
534,Lelah,Artingstall,lartingstallet@drupal.org,Product Management,$48893.54
535,Sallee,Eldrid,seldrideu@nature.com,Research and Development,$11503.61
536,Barron,Castagnasso,bcastagnassoev@trellian.com,Sales,$43912.66
537,Astra,Webb,awebbew@nhs.uk,Support,$39928.33
538,Bettina,Warbeys,bwarbeysex@surveymonkey.com,Support,$37100.60
539,Desiri,Denington,ddeningtoney@engadget.com,Support,$26628.21
540,Michal,Gannicott,mgannicottez@mlb.com,Training,$24991.33
541,Rhoda,Houlison,rhoulisonf0@go.com,Sales,$20956.28
542,Moyna,Sichardt,msichardtf1@naver.com,Sales,$9502.94
543,Fernanda,Battista,fbattistaf2@angelfire.com,Research and Development,$2987.49
544,Ricard,Counter,rcounterf3@ovh.net,Marketing,$15335.36
545,Gaylord,Kless,gklessf4@storify.com,Product Management,$17849.73
546,Jerome,Wipper,jwipperf5@slideshare.net,Services,$39430.26
547,Frankie,Iacoviello,fiacoviellof6@biblegateway.com,Marketing,$29285.92
548,Dev,Eixenberger,deixenbergerf7@auda.org.au,Sales,$16477.92
549,Letisha,Sturm,lsturmf8@unesco.org,Engineering,$20896.33
550,Bentley,Rogeon,brogeonf9@studiopress.com,Services,$45811.65
551,Hershel,Bampkin,hbampkinfa@goo.gl,Human Resources,$44933.64
552,Gipsy,Klasen,gklasenfb@cloudflare.com,Marketing,$27001.84
553,Elton,Osbourn,eosbournfc@smugmug.com,Legal,$12014.07
554,Thedrick,Wingeatt,twingeattfd@state.gov,Business Development,$45315.13
555,Layne,MacFie,lmacfiefe@histats.com,Training,$30077.19
556,Burk,Shalcros,bshalcrosff@who.int,Training,$37364.14
557,Micky,Pettingill,mpettingillfg@scribd.com,Marketing,$46193.09
558,Reidar,Dicken,rdickenfh@irs.gov,Training,$19159.85
559,Brett,Palatini,bpalatinifi@nationalgeographic.com,Training,$41270.30
560,Brittni,Hidderley,bhidderleyfj@forbes.com,Human Resources,$10743.93
561,Clifford,Tolefree,ctolefreefk@quantcast.com,Business Development,$10381.75
562,Haskell,Dinwoodie,hdinwoodiefl@paypal.com,Sales,$14258.22
563,Jase,Delaney,jdelaneyfm@vimeo.com,Product Management,$16330.30
564,Roz,Snuggs,rsnuggsfn@newyorker.com,Training,$9635.17
565,Fields,Downer,fdownerfo@youku.com,Marketing,$25841.91
566,Reube,Stride,rstridefp@behance.net,Accounting,$38091.54
567,Clotilda,Kennefick,ckennefickfq@gravatar.com,Marketing,$19841.65
568,Langston,Vagg,lvaggfr@wufoo.com,Training,$7984.23
569,Timofei,Elis,telisfs@go.com,Accounting,$46057.38
570,Gottfried,Mergue,gmergueft@fastcompany.com,Product Management,$22505.97
571,Delcine,Paddle,dpaddlefu@walmart.com,Marketing,$10034.55
572,Franciskus,MacGray,fmacgrayfv@latimes.com,Services,$17185.28
573,Elvera,Robertshaw,erobertshawfw@cafepress.com,Support,$19268.70
574,Felicio,Cannicott,fcannicottfx@paypal.com,Research and Development,$22603.33
575,Gladys,Cottisford,gcottisfordfy@phpbb.com,Marketing,$19239.82
576,Niels,Macconaghy,nmacconaghyfz@alexa.com,Legal,$8867.62
577,Kendra,Greatbach,kgreatbachg0@yellowpages.com,Research and Development,$39170.54
578,Caty,Balham,cbalhamg1@toplist.cz,Accounting,$16102.67
579,Fern,Alloisi,falloisig2@addtoany.com,Business Development,$4711.89
580,Dory,Howland,dhowlandg3@myspace.com,Research and Development,$47581.63
581,Flossy,Lahy,flahyg4@diigo.com,Engineering,$38831.33
582,Morgan,Duffett,mduffettg5@simplemachines.org,Human Resources,$15521.63
583,Haley,Matteoni,hmatteonig6@umn.edu,Services,$6113.48
584,Hilde,Faussett,hfaussettg7@nasa.gov,Business Development,$29669.90
585,Arni,Olliff,aolliffg8@google.ca,Research and Development,$14952.64
586,Denny,Merriday,dmerridayg9@51.la,Legal,$38435.10
587,Arman,Yoakley,ayoakleyga@earthlink.net,Business Development,$47064.00
588,Isadora,Pressland,ipresslandgb@cornell.edu,Services,$12373.39
589,Annnora,Hanton,ahantongc@angelfire.com,Engineering,$2801.97
590,Davine,Brodley,dbrodleygd@stumbleupon.com,Accounting,$15782.30
591,Marin,Pontain,mpontainge@cargocollective.com,Support,$2670.29
592,Hillard,Leeson,hleesongf@technorati.com,Support,$30008.45
593,Issy,Greene,igreenegg@51.la,Training,$28597.11
594,Bobine,Cribbins,bcribbinsgh@liveinternet.ru,Accounting,$6357.83
595,Kain,Pessler,kpesslergi@bizjournals.com,Engineering,$20938.07
596,Ransom,Klugman,rklugmangj@squidoo.com,Human Resources,$6299.01
597,Sol,Bernasek,sbernasekgk@angelfire.com,Training,$25459.90
598,Alec,McRitchie,amcritchiegl@oracle.com,Human Resources,$30684.96
599,Christen,Brimilcombe,cbrimilcombegm@cnet.com,Training,$42373.76
600,Dominique,Wooddisse,dwooddissegn@so-net.ne.jp,Engineering,$39307.35
601,Mattie,Pritchett,mpritchettgo@ocn.ne.jp,Legal,$48587.96
602,Nikki,Coath,ncoathgp@mozilla.com,Sales,$16961.17
603,Moe,Collip,mcollipgq@sphinn.com,Research and Development,$33295.08
604,Kane,Leon,kleongr@cmu.edu,Marketing,$36987.83
605,Ludvig,Yetton,lyettongs@mashable.com,Legal,$24526.69
606,Sharon,Strange,sstrangegt@rambler.ru,Training,$28604.88
607,Clo,McReath,cmcreathgu@google.ca,Human Resources,$39691.23
608,Ibbie,MacGragh,imacgraghgv@flavors.me,Engineering,$10624.24
609,Eachelle,Hughs,ehughsgw@craigslist.org,Support,$24483.73
610,Didi,Burgher,dburghergx@google.fr,Sales,$4406.91
611,Reece,Cromly,rcromlygy@yellowbook.com,Accounting,$40032.16
612,Humberto,Theze,hthezegz@parallels.com,Marketing,$2047.76
613,Caddric,Blanchflower,cblanchflowerh0@trellian.com,Services,$24244.84
614,Fiorenze,Kynoch,fkynochh1@mozilla.com,Sales,$22242.29
615,Isadora,Kohnert,ikohnerth2@macromedia.com,Training,$35880.72
616,Gisele,Farmiloe,gfarmiloeh3@sohu.com,Legal,$4538.45
617,Alanson,Brimilcombe,abrimilcombeh4@last.fm,Support,$46337.47
618,Doretta,Olliffe,dolliffeh5@unblog.fr,Business Development,$20247.25
619,Jareb,Frankton,jfranktonh6@freewebs.com,Sales,$7890.95
620,Jeramey,Whitley,jwhitleyh7@java.com,Services,$2877.05
621,Lorrin,Linthead,llintheadh8@soundcloud.com,Services,$17539.02
622,Foss,Batchelour,fbatchelourh9@fc2.com,Engineering,$14498.79
623,Cello,Gossage,cgossageha@mail.ru,Services,$35609.39
624,Perren,Badam,pbadamhb@webs.com,Accounting,$46559.81
625,Wilhelm,McEneny,wmcenenyhc@techcrunch.com,Product Management,$31654.57
626,Darda,McComas,dmccomashd@51.la,Training,$38274.27
627,Lenette,Bandy,lbandyhe@shop-pro.jp,Services,$19522.66
628,Bartlet,Pleass,bpleasshf@oaic.gov.au,Business Development,$5127.43
629,Nels,Luckes,nluckeshg@shutterfly.com,Marketing,$18778.03
630,Euell,Loads,eloadshh@so-net.ne.jp,Training,$41309.31
631,Luciano,Knevet,lknevethi@wikispaces.com,Accounting,$48289.69
632,Darelle,Pharaoh,dpharaohhj@addthis.com,Product Management,$4168.31
633,Jinny,Belding,jbeldinghk@nyu.edu,Engineering,$4389.65
634,Cary,Cano,ccanohl@ucoz.ru,Product Management,$8841.24
635,Cordelie,Tennet,ctennethm@mashable.com,Accounting,$9438.09
636,Moss,Stops,mstopshn@usda.gov,Support,$24746.14
637,Daveta,D'Onisi,ddonisiho@arstechnica.com,Engineering,$36443.45
638,Claire,Andrey,candreyhp@icio.us,Business Development,$29994.63
639,Hastie,Gillaspy,hgillaspyhq@bbb.org,Training,$39233.98
640,Langsdon,Willmer,lwillmerhr@jimdo.com,Engineering,$47938.85
641,Anatole,Dunbar,adunbarhs@dagondesign.com,Engineering,$1673.20
642,Rutledge,Stanett,rstanettht@unesco.org,Sales,$8018.56
643,Leeanne,Hunnawill,lhunnawillhu@state.gov,Human Resources,$44673.39
644,Inness,Scanes,iscaneshv@arstechnica.com,Business Development,$24695.31
645,Ollie,Braunds,obraundshw@ucla.edu,Product Management,$29144.70
646,Edeline,Keneforde,ekenefordehx@tinypic.com,Research and Development,$23200.92
647,Mignon,Anger,mangerhy@hao123.com,Accounting,$25329.42
648,Raine,Prozescky,rprozesckyhz@archive.org,Marketing,$12501.91
649,Micky,Furniss,mfurnissi0@bloglines.com,Accounting,$10283.77
650,Knox,Chichgar,kchichgari1@berkeley.edu,Engineering,$12923.57
651,Jayme,Aris,jarisi2@ca.gov,Business Development,$24951.39
652,Chico,Gawler,cgawleri3@rediff.com,Legal,$29775.18
653,Franchot,Karolczyk,fkarolczyki4@npr.org,Product Management,$7046.41
654,Arleen,Lowensohn,alowensohni5@google.pl,Engineering,$21401.10
655,Mohammed,Dennerly,mdennerlyi6@sbwire.com,Training,$18491.68
656,Kit,Greathead,kgreatheadi7@google.pl,Marketing,$26078.48
657,Baxter,Holdren,bholdreni8@vimeo.com,Engineering,$37653.73
658,Darleen,Percy,dpercyi9@ed.gov,Sales,$29407.48
659,Woody,Ryder,wryderia@dailymail.co.uk,Product Management,$22018.70
660,Kendall,Horsfield,khorsfieldib@kickstarter.com,Research and Development,$14692.21
661,Marybeth,Morican,mmoricanic@google.com.br,Business Development,$30005.99
662,Veronica,Hockey,vhockeyid@ed.gov,Accounting,$20386.90
663,Codee,Forsaith,cforsaithie@bizjournals.com,Human Resources,$30678.19
664,Drucie,Gillions,dgillionsif@marriott.com,Engineering,$42325.84
665,Alexine,McCuish,amccuishig@flickr.com,Human Resources,$18180.89
666,Garrot,Wallbrook,gwallbrookih@github.io,Accounting,$46050.17
667,Nicholas,Guyonneau,nguyonneauii@npr.org,Marketing,$21760.49
668,Tynan,Volker,tvolkerij@blogtalkradio.com,Sales,$36231.16
669,Dolli,Lambrecht,dlambrechtik@tinyurl.com,Legal,$13602.79
670,Taryn,Oiller,toilleril@cyberchimps.com,Training,$31834.15
671,Ruggiero,Thomasset,rthomassetim@nbcnews.com,Marketing,$21631.75
672,Agnola,Luno,alunoin@ucla.edu,Training,$2557.98
673,Nomi,Skully,nskullyio@narod.ru,Support,$37172.91
674,Danni,McGahern,dmcgahernip@ebay.co.uk,Marketing,$38305.02
675,Bamby,Durham,bdurhamiq@ucla.edu,Legal,$1846.27
676,Erika,Goscomb,egoscombir@taobao.com,Sales,$37210.78
677,Emilie,Philipsen,ephilipsenis@mapy.cz,Accounting,$16339.84
678,Rudy,Cockney,rcockneyit@twitter.com,Business Development,$45939.09
679,Elaine,Domino,edominoiu@ibm.com,Human Resources,$2199.98
680,Malynda,Ketch,mketchiv@desdev.cn,Product Management,$13061.02
681,Ryan,Chalmers,rchalmersiw@nba.com,Sales,$8456.39
682,Cristy,Simonetti,csimonettiix@wix.com,Product Management,$22777.45
683,Nomi,Kiddie,nkiddieiy@hud.gov,Legal,$45614.29
684,Dyana,Cassidy,dcassidyiz@nytimes.com,Support,$34927.41
685,Raoul,Ewbanck,rewbanckj0@marriott.com,Support,$4946.53
686,Elisa,Rugg,eruggj1@hhs.gov,Services,$34889.64
687,Celene,Bison,cbisonj2@myspace.com,Research and Development,$16398.11
688,Tynan,Blenkinsop,tblenkinsopj3@skype.com,Legal,$6729.66
689,Moina,Muzzlewhite,mmuzzlewhitej4@hhs.gov,Engineering,$47122.47
690,Quill,Robberecht,qrobberechtj5@ocn.ne.jp,Accounting,$21636.47
691,Fernande,Salman,fsalmanj6@surveymonkey.com,Sales,$30890.02
692,Estell,Bahike,ebahikej7@paginegialle.it,Legal,$31251.17
693,Seline,Heliar,sheliarj8@youtu.be,Research and Development,$7695.41
694,Henderson,Franchioni,hfranchionij9@prnewswire.com,Product Management,$11840.27
695,Nancee,Nethercott,nnethercottja@wunderground.com,Legal,$5298.20
696,Idaline,Chsteney,ichsteneyjb@sourceforge.net,Services,$15242.07
697,Worden,Biever,wbieverjc@clickbank.net,Training,$30455.56
698,Sharia,Whittenbury,swhittenburyjd@whitehouse.gov,Sales,$24223.54
699,Sher,Vaskov,svaskovje@uol.com.br,Marketing,$22954.11
700,Daphna,Skerman,dskermanjf@yale.edu,Marketing,$40175.76
701,Tore,Gherardi,tgherardijg@linkedin.com,Business Development,$11103.02
702,Husein,Culham,hculhamjh@51.la,Support,$17084.58
703,Albert,Diprose,adiproseji@netscape.com,Research and Development,$11813.72
704,Peirce,Caudelier,pcaudelierjj@pen.io,Human Resources,$18216.82
705,Dory,Vasyuchov,dvasyuchovjk@timesonline.co.uk,Human Resources,$28867.25
706,Evyn,Ferrari,eferrarijl@fda.gov,Support,$37099.32
707,Peyter,Readman,preadmanjm@nba.com,Product Management,$22808.05
708,Abbi,Virgin,avirginjn@amazon.co.jp,Sales,$38277.92
709,Devland,Isham,dishamjo@sun.com,Business Development,$33701.42
710,Annalise,Playden,aplaydenjp@opensource.org,Business Development,$48102.92
711,Sari,Berthel,sbertheljq@vkontakte.ru,Human Resources,$12101.08
712,Pen,Williscroft,pwilliscroftjr@buzzfeed.com,Research and Development,$25286.25
713,Ettore,Gange,egangejs@elegantthemes.com,Research and Development,$48285.57
714,Evonne,Ainsworth,eainsworthjt@rambler.ru,Engineering,$48404.95
715,Doralyn,Spender,dspenderju@amazon.co.uk,Research and Development,$22894.88
716,Sandye,Gliddon,sgliddonjv@ucla.edu,Product Management,$2704.88
717,Geoffrey,Meaney,gmeaneyjw@de.vu,Business Development,$13759.41
718,Barbara,Dumblton,bdumbltonjx@walmart.com,Product Management,$34568.03
719,Vaclav,Bubbings,vbubbingsjy@weebly.com,Engineering,$29869.53
720,Olivette,Fernan,ofernanjz@hostgator.com,Legal,$10777.43
721,Gerti,Blessed,gblessedk0@dailymotion.com,Business Development,$28856.41
722,Windy,Dobbson,wdobbsonk1@ebay.co.uk,Legal,$4478.23
723,Tull,Grayley,tgrayleyk2@nationalgeographic.com,Business Development,$37483.32
724,Ilysa,Goodinge,igoodingek3@com.com,Accounting,$46769.99
725,Emyle,Geaney,egeaneyk4@loc.gov,Business Development,$21036.18
726,Christyna,Hannaford,channafordk5@va.gov,Legal,$32495.03
727,Elicia,Raymont,eraymontk6@de.vu,Engineering,$45801.47
728,Avis,Hendriksen,ahendriksenk7@whitehouse.gov,Services,$24896.90
729,Rhys,McElrea,rmcelreak8@slashdot.org,Support,$2324.40
730,Doll,Klaussen,dklaussenk9@clickbank.net,Research and Development,$44466.66
731,Codie,Willmore,cwillmoreka@slashdot.org,Services,$45102.84
732,Ollie,McQuilliam,omcquilliamkb@reference.com,Legal,$25401.37
733,Josy,Penhearow,jpenhearowkc@boston.com,Support,$36006.34
734,Ingrid,Greenly,igreenlykd@1und1.de,Legal,$43791.58
735,Jeno,Galland,jgallandke@timesonline.co.uk,Support,$2868.24
736,Dede,Deares,ddeareskf@pbs.org,Human Resources,$8436.17
737,Benedikt,Biggans,bbigganskg@github.io,Product Management,$13643.80
738,Hedy,Wetherburn,hwetherburnkh@adobe.com,Sales,$20614.40
739,Hubey,Realph,hrealphki@dion.ne.jp,Marketing,$12902.73
740,Arabelle,Mc Gee,amcgeekj@usda.gov,Research and Development,$23764.70
741,Merci,Rawles,mrawleskk@ft.com,Marketing,$18970.10
742,Hal,Tamsett,htamsettkl@ucsd.edu,Training,$33433.16
743,Dallas,Rawkesby,drawkesbykm@behance.net,Product Management,$46863.20
744,Will,Houseman,whousemankn@baidu.com,Product Management,$26871.83
745,Max,McGaugey,mmcgaugeyko@japanpost.jp,Marketing,$43213.49
746,Kristel,Lamyman,klamymankp@technorati.com,Research and Development,$15034.57
747,Dorree,Winkett,dwinkettkq@theatlantic.com,Research and Development,$49819.24
748,Dennie,Bloor,dbloorkr@a8.net,Business Development,$49505.21
749,Andree,Nevet,anevetks@washingtonpost.com,Support,$37633.90
750,Cecilio,Burchell,cburchellkt@stanford.edu,Support,$6666.27
751,Sammy,McKeaney,smckeaneyku@ibm.com,Accounting,$17018.21
752,Mildred,Lardez,mlardezkv@abc.net.au,Research and Development,$36790.36
753,Florinda,Haggerwood,fhaggerwoodkw@soundcloud.com,Accounting,$18167.29
754,Sandy,Cockram,scockramkx@gov.uk,Research and Development,$47959.81
755,Lawry,Dutnell,ldutnellky@google.es,Human Resources,$40640.68
756,Parnell,Jursch,pjurschkz@icio.us,Product Management,$2538.74
757,Sara,Argent,sargentl0@friendfeed.com,Sales,$10320.82
758,Geoff,Chaudrelle,gchaudrellel1@diigo.com,Engineering,$11433.80
759,Bernice,Ducarel,bducarell2@networksolutions.com,Business Development,$27629.44
760,Marika,Fishpoole,mfishpoolel3@w3.org,Marketing,$39788.44
761,Ervin,Heeron,eheeronl4@telegraph.co.uk,Sales,$43321.64
762,Monti,Rainbird,mrainbirdl5@ask.com,Product Management,$27210.81
763,Kenton,Summerson,ksummersonl6@weibo.com,Support,$19317.15
764,Lamar,Hubber,lhubberl7@wiley.com,Product Management,$21463.23
765,Wileen,Catanheira,wcatanheiral8@disqus.com,Product Management,$39260.23
766,Hester,Tite,htitel9@discuz.net,Product Management,$15080.53
767,Flin,MacNab,fmacnabla@nbcnews.com,Legal,$3083.94
768,Esme,Ansell,eanselllb@paginegialle.it,Support,$45389.06
769,Dalli,Mumbey,dmumbeylc@sphinn.com,Accounting,$34061.37
770,Carmine,Jardein,cjardeinld@timesonline.co.uk,Legal,$39876.19
771,Ricca,Motton,rmottonle@studiopress.com,Engineering,$2997.84
772,Quentin,Godney,qgodneylf@t-online.de,Support,$22467.37
773,Klarika,Plumbe,kplumbelg@hubpages.com,Services,$44961.40
774,Simone,Addionisio,saddionisiolh@ed.gov,Research and Development,$13215.83
775,Larisa,Cripin,lcripinli@dagondesign.com,Support,$44150.11
776,Donna,Bukac,dbukaclj@time.com,Legal,$23211.48
777,Ganny,Slides,gslideslk@printfriendly.com,Legal,$14579.49
778,Quintus,Patifield,qpatifieldll@wiley.com,Marketing,$18640.94
779,Ekaterina,Skase,eskaselm@squidoo.com,Accounting,$23047.52
780,Chandler,Rotherforth,crotherforthln@163.com,Legal,$24134.85
781,Myrah,Vasilmanov,mvasilmanovlo@youtube.com,Human Resources,$6512.12
782,Franchot,Griffith,fgriffithlp@soundcloud.com,Human Resources,$12186.89
783,Pancho,Frankiss,pfrankisslq@spotify.com,Business Development,$39371.57
784,Cammie,MacNally,cmacnallylr@is.gd,Services,$45723.81
785,Oliver,Hrinchishin,ohrinchishinls@tamu.edu,Business Development,$6814.59
786,Pammi,Madders,pmadderslt@a8.net,Business Development,$40182.72
787,Corney,Grimsdith,cgrimsdithlu@edublogs.org,Engineering,$19921.44
788,Sibylle,Waleran,swaleranlv@pcworld.com,Human Resources,$27683.82
789,Al,Edmons,aedmonslw@opensource.org,Human Resources,$46972.33
790,Orv,Crewther,ocrewtherlx@printfriendly.com,Engineering,$28042.39
791,Van,Wenderott,vwenderottly@nps.gov,Research and Development,$26863.63
792,Dicky,McGing,dmcginglz@time.com,Services,$12244.93
793,Ketty,Dowda,kdowdam0@ebay.com,Research and Development,$19638.21
794,Analise,Rulton,arultonm1@freewebs.com,Human Resources,$42651.66
795,Ruy,Donoher,rdonoherm2@uiuc.edu,Product Management,$32462.08
796,Boot,Ody,bodym3@npr.org,Product Management,$31352.76
797,Thatch,Davidove,tdavidovem4@typepad.com,Accounting,$4745.95
798,Stormie,Brundle,sbrundlem5@unicef.org,Human Resources,$1642.69
799,Pansy,Jerosch,pjeroschm6@utexas.edu,Sales,$31296.76
800,Aila,Pilmoor,apilmoorm7@themeforest.net,Legal,$30129.11
801,Darryl,Pendock,dpendockm8@google.com.br,Marketing,$15993.07
802,Mike,McKissack,mmckissackm9@globo.com,Business Development,$38208.44
803,Joseito,D'Emanuele,jdemanuelema@ameblo.jp,Support,$8004.89
804,Darcee,De Zamudio,ddezamudiomb@topsy.com,Legal,$41413.43
805,Darcie,Simonich,dsimonichmc@jalbum.net,Human Resources,$46806.28
806,Fredrika,Cumberledge,fcumberledgemd@google.com.au,Human Resources,$8768.68
807,Tessi,Dugan,tduganme@washingtonpost.com,Product Management,$8229.95
808,Bordie,Brunn,bbrunnmf@microsoft.com,Training,$36554.22
809,Rolland,Blaxill,rblaxillmg@reuters.com,Sales,$47538.03
810,Fiorenze,Ondracek,fondracekmh@cbsnews.com,Accounting,$7341.07
811,Dagmar,Strathman,dstrathmanmi@plala.or.jp,Services,$23583.56
812,Carlene,Raubenheimer,craubenheimermj@house.gov,Marketing,$23035.98
813,Boris,Garaghan,bgaraghanmk@google.nl,Human Resources,$20214.63
814,Shaine,Peckett,speckettml@nationalgeographic.com,Research and Development,$38077.24
815,Wilie,Chatan,wchatanmm@angelfire.com,Engineering,$6929.39
816,Maren,Chesher,mcheshermn@phpbb.com,Sales,$31610.47
817,Mohammed,Leadbeatter,mleadbeattermo@goodreads.com,Research and Development,$29668.53
818,Reagen,Rendbaek,rrendbaekmp@sphinn.com,Accounting,$3861.94
819,Astra,Rathborne,arathbornemq@opensource.org,Engineering,$35907.13
820,Reider,Clemon,rclemonmr@fda.gov,Research and Development,$49126.35
821,Bevan,Ellgood,bellgoodms@mail.ru,Engineering,$18819.27
822,Darla,Stubbe,dstubbemt@fc2.com,Support,$9396.63
823,Gabbi,Strettle,gstrettlemu@clickbank.net,Accounting,$19465.97
824,Griffin,Gibbonson,ggibbonsonmv@ox.ac.uk,Human Resources,$42744.23
825,Joan,Maddinon,jmaddinonmw@etsy.com,Research and Development,$9093.24
826,Hermia,Blissitt,hblissittmx@epa.gov,Services,$19082.49
827,Micaela,Northridge,mnorthridgemy@cargocollective.com,Sales,$19407.07
828,Raquela,Mulloch,rmullochmz@opera.com,Support,$39208.86
829,Cristy,Spiteri,cspiterin0@163.com,Accounting,$33443.24
830,Griffin,Menicomb,gmenicombn1@wired.com,Product Management,$23501.29
831,Shawn,Tunnoch,stunnochn2@gmpg.org,Business Development,$43441.56
832,Dimitry,Shemmans,dshemmansn3@army.mil,Services,$12017.68
833,Leighton,Paskins,lpaskinsn4@over-blog.com,Marketing,$18703.43
834,Dugald,Ghelarducci,dghelarduccin5@elpais.com,Support,$4371.71
835,Aubert,Fawltey,afawlteyn6@elegantthemes.com,Services,$9892.42
836,Athene,Mochan,amochann7@reddit.com,Support,$39548.92
837,Hailey,Ciciura,hciciuran8@cnbc.com,Marketing,$7471.15
838,Morgana,Guidone,mguidonen9@accuweather.com,Product Management,$37540.57
839,Stacy,Matusson,smatussonna@skype.com,Business Development,$8074.41
840,My,Hallbord,mhallbordnb@skyrock.com,Marketing,$11156.32
841,Daryl,Matuszinski,dmatuszinskinc@wikimedia.org,Services,$48681.10
842,Ervin,Backshill,ebackshillnd@huffingtonpost.com,Training,$6898.01
843,Rachele,Nineham,rninehamne@umich.edu,Engineering,$40848.15
844,Rufe,Please,rpleasenf@so-net.ne.jp,Legal,$48292.64
845,Abel,Antrag,aantragng@i2i.jp,Support,$25122.33
846,Garrick,Doreward,gdorewardnh@last.fm,Product Management,$14523.49
847,Marcella,Proppers,mproppersni@liveinternet.ru,Human Resources,$11472.64
848,Debra,Stiegar,dstiegarnj@google.co.uk,Sales,$44554.71
849,Sharon,Lightbourne,slightbournenk@marketwatch.com,Marketing,$18792.71
850,Sigvard,Benois,sbenoisnl@statcounter.com,Sales,$38582.17
851,Ardene,Casley,acasleynm@hexun.com,Product Management,$37215.71
852,Morganne,Tunnock,mtunnocknn@japanpost.jp,Engineering,$9916.55
853,Gilly,Kane,gkaneno@nih.gov,Engineering,$8677.71
854,Neddie,Romagnosi,nromagnosinp@jalbum.net,Sales,$33493.73
855,Matelda,Sherwill,msherwillnq@uiuc.edu,Engineering,$20316.95
856,Angel,Leverett,aleverettnr@amazon.co.uk,Research and Development,$6461.58
857,Leonelle,Squibe,lsquibens@dell.com,Marketing,$46231.72
858,Carney,Clohissy,cclohissynt@joomla.org,Research and Development,$26215.59
859,Casie,Reis,creisnu@amazonaws.com,Sales,$16302.89
860,Berget,Geare,bgearenv@myspace.com,Sales,$39490.90
861,Gwendolyn,Goodliffe,ggoodliffenw@com.com,Human Resources,$7815.15
862,Dory,Norvell,dnorvellnx@msu.edu,Legal,$45223.91
863,Alisa,Dunnett,adunnettny@google.com,Legal,$1524.62
864,Nanny,Hardington,nhardingtonnz@dion.ne.jp,Engineering,$31316.67
865,Jamie,Scowen,jscoweno0@jigsy.com,Sales,$8332.74
866,Jo,Mouget,jmougeto1@merriam-webster.com,Services,$46899.26
867,Katrinka,Rolin,krolino2@diigo.com,Product Management,$36428.69
868,Ophelie,Holberry,oholberryo3@soup.io,Services,$14155.28
869,Odella,Bowry,obowryo4@technorati.com,Sales,$31557.19
870,Lucho,Parkhouse,lparkhouseo5@cnn.com,Business Development,$31379.42
871,Debra,Gavan,dgavano6@wikia.com,Product Management,$20287.35
872,Audi,Chatin,achatino7@over-blog.com,Sales,$26441.80
873,Shalom,Coldham,scoldhamo8@addthis.com,Business Development,$31760.98
874,Shanon,Kubera,skuberao9@ycombinator.com,Marketing,$30442.91
875,Wait,Cogar,wcogaroa@indiatimes.com,Business Development,$47082.33
876,Dorri,Burtwell,dburtwellob@guardian.co.uk,Training,$20467.87
877,Angelico,Freezer,afreezeroc@wufoo.com,Engineering,$3135.98
878,Aleta,Merit,ameritod@ucoz.com,Research and Development,$42144.33
879,Early,Presland,epreslandoe@yahoo.com,Research and Development,$46388.09
880,Micky,Savage,msavageof@fema.gov,Support,$27779.87
881,Johnath,Mish,jmishog@goodreads.com,Marketing,$12061.63
882,Josey,Powderham,jpowderhamoh@cornell.edu,Marketing,$48827.78
883,Liane,Wimlett,lwimlettoi@ft.com,Human Resources,$41557.66
884,Rees,Saterweyte,rsaterweyteoj@instagram.com,Training,$42753.85
885,Susanetta,Marrill,smarrillok@reddit.com,Sales,$41147.92
886,Ricardo,McArt,rmcartol@webs.com,Research and Development,$44050.26
887,Bronson,Hardesty,bhardestyom@linkedin.com,Sales,$34176.83
888,Hilton,Collingworth,hcollingworthon@tripadvisor.com,Accounting,$32978.36
889,Libbey,Symmons,lsymmonsoo@ft.com,Support,$13862.49
890,Wilton,Kilner,wkilnerop@ow.ly,Legal,$48376.66
891,Lucias,Argontt,largonttoq@dailymail.co.uk,Product Management,$2860.09
892,Rene,McTear,rmctearor@about.com,Support,$26920.19
893,Porter,Fozard,pfozardos@merriam-webster.com,Training,$20248.34
894,Brittne,Probin,bprobinot@qq.com,Business Development,$44210.11
895,Tobie,McNabb,tmcnabbou@webeden.co.uk,Accounting,$49678.00
896,Noe,Kilfeather,nkilfeatherov@networksolutions.com,Human Resources,$31420.68
897,Benito,Heaton,bheatonow@ebay.com,Engineering,$49587.99
898,Leigh,Pafford,lpaffordox@mediafire.com,Training,$46722.15
899,Valida,Ronci,vroncioy@shareasale.com,Support,$36061.50
900,Dave,Poyntz,dpoyntzoz@dion.ne.jp,Engineering,$33736.07
901,Zea,Vell,zvellp0@google.de,Training,$22613.02
902,Ab,Tomaszynski,atomaszynskip1@nbcnews.com,Legal,$11751.84
903,Darrelle,Goozee,dgoozeep2@skyrock.com,Human Resources,$2202.49
904,Aldo,Jacobssen,ajacobssenp3@umn.edu,Support,$9631.27
905,Ximenes,Lund,xlundp4@dagondesign.com,Marketing,$19035.11
906,Shaughn,Bedo,sbedop5@sitemeter.com,Human Resources,$32860.18
907,Ceil,Carayol,ccarayolp6@skyrock.com,Sales,$6750.58
908,Sheri,Ainsbury,sainsburyp7@sourceforge.net,Accounting,$35526.93
909,Aube,Roofe,aroofep8@edublogs.org,Support,$7964.47
910,Robb,Gledhall,rgledhallp9@pcworld.com,Engineering,$21369.86
911,Wallis,Snar,wsnarpa@blinklist.com,Product Management,$47659.25
912,Ellie,Castilljo,ecastilljopb@typepad.com,Marketing,$47090.56
913,Marja,Kingsworth,mkingsworthpc@psu.edu,Product Management,$14118.69
914,Nicholas,Beeton,nbeetonpd@ycombinator.com,Legal,$20514.10
915,Didi,Brabban,dbrabbanpe@yahoo.com,Human Resources,$22338.25
916,Iolande,Rotlauf,irotlaufpf@engadget.com,Marketing,$48249.87
917,Carrie,Gately,cgatelypg@purevolume.com,Support,$43915.47
918,Trude,Ellerker,tellerkerph@ow.ly,Research and Development,$49710.14
919,Aura,Pickton,apicktonpi@stumbleupon.com,Training,$8315.51
920,Heida,Pauwel,hpauwelpj@sitemeter.com,Accounting,$8424.92
921,Piotr,Salzburg,psalzburgpk@cloudflare.com,Business Development,$46870.71
922,Federico,Biermatowicz,fbiermatowiczpl@rediff.com,Research and Development,$28512.57
923,Clarke,Klasing,cklasingpm@gnu.org,Marketing,$23493.70
924,Bert,Hardwicke,bhardwickepn@intel.com,Training,$20475.53
925,Cello,Beglin,cbeglinpo@booking.com,Sales,$2492.33
926,Astrid,Plunket,aplunketpp@mail.ru,Accounting,$48882.17
927,Emelita,Taylor,etaylorpq@ucoz.ru,Human Resources,$41478.65
928,Dario,Merrydew,dmerrydewpr@free.fr,Services,$15757.94
929,Sterne,Lockyer,slockyerps@telegraph.co.uk,Product Management,$7128.63
930,Yettie,Maple,ymaplept@globo.com,Accounting,$32293.97
931,Barbabas,Steer,bsteerpu@goo.gl,Engineering,$11107.20
932,Lynea,Merali,lmeralipv@cmu.edu,Research and Development,$19039.88
933,Em,Brisson,ebrissonpw@tinyurl.com,Product Management,$4765.65
934,Barbara,Elves,belvespx@blogs.com,Business Development,$14563.91
935,Lefty,Eykelhof,leykelhofpy@dailymotion.com,Business Development,$2146.91
936,Micaela,Korneichuk,mkorneichukpz@wix.com,Services,$35381.27
937,Madelaine,Bjorkan,mbjorkanq0@bravesites.com,Accounting,$29358.36
938,Fanya,Guyonneau,fguyonneauq1@unicef.org,Sales,$11331.18
939,Maire,Ingleston,minglestonq2@wordpress.org,Accounting,$45170.53
940,Karry,Froom,kfroomq3@arizona.edu,Sales,$44926.99
941,Aubry,Paice,apaiceq4@gmpg.org,Research and Development,$31684.64
942,Faydra,Crocombe,fcrocombeq5@miitbeian.gov.cn,Business Development,$11296.30
943,Fredric,Rougier,frougierq6@php.net,Legal,$18933.83
944,Elyssa,Pires,epiresq7@mtv.com,Engineering,$15712.14
945,Kevan,Thompson,kthompsonq8@prweb.com,Business Development,$11176.43
946,Romy,Peplaw,rpeplawq9@wikimedia.org,Research and Development,$6630.29
947,Brew,Hazzard,bhazzardqa@soup.io,Marketing,$7498.03
948,Erskine,Astie,eastieqb@youku.com,Research and Development,$40063.18
949,Giuditta,Ridings,gridingsqc@blogspot.com,Accounting,$25055.48
950,Janaye,McKniely,jmcknielyqd@dagondesign.com,Legal,$13988.82
951,Paige,Swanborrow,pswanborrowqe@cnbc.com,Accounting,$4182.94
952,Erinn,Lipson,elipsonqf@nsw.gov.au,Human Resources,$40886.97
953,Garek,Gai,ggaiqg@liveinternet.ru,Training,$15658.45
954,Danny,Kingscote,dkingscoteqh@youtube.com,Human Resources,$27160.54
955,Lishe,Beckson,lbecksonqi@w3.org,Legal,$39191.43
956,Ciel,Critcher,ccritcherqj@gmpg.org,Human Resources,$16405.56
957,Sheree,Bonnett,sbonnettqk@unc.edu,Human Resources,$27729.13
958,Madelene,Dysert,mdysertql@independent.co.uk,Marketing,$38747.19
959,Merissa,Pitfield,mpitfieldqm@senate.gov,Sales,$20686.77
960,Sibby,McGrorty,smcgrortyqn@privacy.gov.au,Accounting,$41782.33
961,Cornell,Ollarenshaw,collarenshawqo@angelfire.com,Legal,$5162.47
962,Jesse,Scawton,jscawtonqp@cyberchimps.com,Support,$4306.32
963,Sollie,Nunan,snunanqq@sbwire.com,Research and Development,$31686.53
964,Lou,Canadine,lcanadineqr@tmall.com,Research and Development,$11687.12
965,Richmound,Parsisson,rparsissonqs@cmu.edu,Engineering,$32989.50
966,Tadeas,Jeanet,tjeanetqt@amazonaws.com,Accounting,$48191.59
967,Wynn,Laffling,wlafflingqu@slideshare.net,Accounting,$1752.93
968,Betsy,Rojahn,brojahnqv@bbc.co.uk,Legal,$45502.67
969,Dianna,Height,dheightqw@examiner.com,Services,$29001.39
970,Charil,Abels,cabelsqx@guardian.co.uk,Marketing,$28387.94
971,El,Braunes,ebraunesqy@blog.com,Business Development,$20415.30
972,Rosabelle,Muckley,rmuckleyqz@bloomberg.com,Product Management,$12937.84
973,Paulina,Wernher,pwernherr0@prnewswire.com,Training,$6657.01
974,Glennis,Elkington,gelkingtonr1@lulu.com,Engineering,$34795.24
975,Virginie,Tomkys,vtomkysr2@printfriendly.com,Marketing,$12505.50
976,Robbin,Ridolfo,rridolfor3@intel.com,Engineering,$37909.38
977,Leisha,Durnin,ldurninr4@nytimes.com,Research and Development,$20995.79
978,Penelope,Ordish,pordishr5@gnu.org,Legal,$11300.40
979,Saunder,Pinilla,spinillar6@smh.com.au,Sales,$23042.81
980,Jania,Rangall,jrangallr7@e-recht24.de,Sales,$31056.75
981,Gerda,Sherer,gshererr8@freewebs.com,Support,$4616.84
982,Maynord,Camelli,mcamellir9@dell.com,Product Management,$10307.33
983,Ardisj,Stirtle,astirtlera@xrea.com,Accounting,$27312.07
984,Ramona,McKeran,rmckeranrb@aol.com,Human Resources,$9462.42
985,Cleveland,Smurfit,csmurfitrc@princeton.edu,Legal,$33053.07
986,Haskel,Jolley,hjolleyrd@hud.gov,Product Management,$45301.04
987,Bear,Glawsop,bglawsopre@people.com.cn,Legal,$34454.84
988,Moshe,Turpin,mturpinrf@xing.com,Research and Development,$36422.56
989,Becka,Cleeton,bcleetonrg@simplemachines.org,Marketing,$6746.35
990,Edlin,Matousek,ematousekrh@angelfire.com,Training,$20281.10
991,Alvis,Luck,aluckri@webeden.co.uk,Marketing,$20231.27
992,Wade,Jenner,wjennerrj@wufoo.com,Training,$5190.26
993,Nikola,Seson,nsesonrk@g.co,Marketing,$6218.15
994,Forester,Rudall,frudallrl@cbsnews.com,Human Resources,$14804.52
995,Sherlock,Olliff,solliffrm@prlog.org,Legal,$41679.65
996,Somerset,Guierre,sguierrern@jugem.jp,Accounting,$16172.76
997,Jobie,Beidebeke,jbeidebekero@ocn.ne.jp,Services,$39205.89
998,Ophelia,Verdon,overdonrp@paginegialle.it,Research and Development,$21227.56
999,Cally,Howgill,chowgillrq@mit.edu,Marketing,$32957.16
1000,Tymon,Rollo,trollorr@aol.com,Training,$40139.02
